[
  {"accent_bg":"#2aba90","accent_text":"#ffffff","menu_bg":"#3a3d3c","menu_text":"#ffffff","menu_stroke":"#ffffff","content_bg":"#ffffff","content_text":"#000000","content_stroke":"#000000","content_icon_bg":"#2aba90","content_icon_stroke":"#2aba90","map_marker_bg":"#3a3d3c","map_marker_bg_stroke":"#3a3d3c","map_marker_text":"#ffffff","map_car_bg":"#656a68"},
  {"accent_bg":"#ffc614","accent_text":"#000000","menu_bg":"#323232","menu_text":"#ffffff","menu_stroke":"#ffffff","content_bg":"#ffc614","content_text":"#000000","content_stroke":"#000000","content_icon_bg":"#323232","content_icon_stroke":"#323232","map_marker_bg":"#323232","map_marker_bg_stroke":"#323232","map_marker_text":"#ffc614","map_car_bg":"#666a69"},
  {"accent_bg":"#28a7ec","accent_text":"#ffffff","menu_bg":"#1b3146","menu_text":"#ffffff","menu_stroke":"#ffffff","content_bg":"#ffffff","content_text":"#000000","content_stroke":"#000000","content_icon_bg":"#28a7ec","content_icon_stroke":"#64c0f3","map_marker_bg":"#1b3146","map_marker_bg_stroke":"#1b3146","map_marker_text":"#ffffff","map_car_bg":"#5086a2"},
  {"accent_bg":"#d0011b","accent_text":"#ffffff","menu_bg":"#cce0e1","menu_text":"#000000","menu_stroke":"#000000","content_bg":"#ffffff","content_text":"#000000","content_stroke":"#000000","content_icon_bg":"#ce021b","content_icon_stroke":"#ce021b","map_marker_bg":"#354344","map_marker_bg_stroke":"#354344","map_marker_text":"#ffffff","map_car_bg":"#728081"},
  {"accent_bg":"#582e60","accent_text":"#ffffff","menu_bg":"#ffb500","menu_text":"#000000","menu_stroke":"#000000","content_bg":"#582e60","content_text":"#ffffff","content_stroke":"#ffffff","content_icon_bg":"#ffb500","content_icon_stroke":"#ffb500","map_marker_bg":"#582e60","map_marker_bg_stroke":"#582e60","map_marker_text":"#e9a40b","map_car_bg":"#614f69"},
  {"accent_bg":"#ced628","accent_text":"#000000","menu_bg":"#3b3c51","menu_text":"#ffffff","menu_stroke":"#ffffff","content_bg":"#ced628","content_text":"#000000","content_stroke":"#000000","content_icon_bg":"#3b3c51","content_icon_stroke":"#3b3c51","map_marker_bg":"#3b3b53","map_marker_bg_stroke":"#3b3b53","map_marker_text":"#ced628","map_car_bg":"#7f81aa"}
]
