[
  { "mask": "+994-__-___-__-__", "cc": "AZ", "name_en": "Azerbaijan", "desc_en": "", "name_ru": "Азербайджан", "desc_ru": "" },
  { "mask": "+7(___)___-__-__", "cc": "RU", "name_en": "Russia", "desc_en": "", "name_ru": "Россия", "desc_ru": "" },
  { "mask": "+247-____", "cc": "AC", "name_en": "Ascension", "desc_en": "", "name_ru": "Остров Вознесения", "desc_ru": "" },
  { "mask": "+376-___-___", "cc": "AD", "name_en": "Andorra", "desc_en": "", "name_ru": "Андорра", "desc_ru": "" },
  { "mask": "+374-__-___-___", "cc": "AM", "name_en": "Armenia", "desc_en": "", "name_ru": "Армения", "desc_ru": "" },
  { "mask": "+971-5_-___-____", "cc": "AE", "name_en": "United Arab Emirates", "desc_en": "mobile", "name_ru": "Объединенные Арабские Эмираты", "desc_ru": "мобильные" },
  { "mask": "+971-_-___-____", "cc": "AE", "name_en": "United Arab Emirates", "desc_en": "", "name_ru": "Объединенные Арабские Эмираты", "desc_ru": "" },
  { "mask": "+93-__-___-____", "cc": "AF", "name_en": "Afghanistan", "desc_en": "", "name_ru": "Афганистан", "desc_ru": "" },
  { "mask": "+1(268)___-____", "cc": "AG", "name_en": "Antigua & Barbuda", "desc_en": "", "name_ru": "Антигуа и Барбуда", "desc_ru": "" },
  { "mask": "+1(264)___-____", "cc": "AI", "name_en": "Anguilla", "desc_en": "", "name_ru": "Ангилья", "desc_ru": "" },
  { "mask": "+355(___)___-___", "cc": "AL", "name_en": "Albania", "desc_en": "", "name_ru": "Албания", "desc_ru": "" },
  { "mask": "+599-___-____", "cc": "AN", "name_en": "Caribbean Netherlands", "desc_en": "", "name_ru": "Карибские Нидерланды", "desc_ru": "" },
  { "mask": "+599-___-____", "cc": "AN", "name_en": "Netherlands Antilles", "desc_en": "", "name_ru": "Нидерландские Антильские острова", "desc_ru": "" },
  { "mask": "+599-9___-____", "cc": "AN", "name_en": "Netherlands Antilles", "desc_en": "Curacao", "name_ru": "Нидерландские Антильские острова", "desc_ru": "Кюрасао" },
  { "mask": "+244(___)___-___", "cc": "AO", "name_en": "Angola", "desc_en": "", "name_ru": "Ангола", "desc_ru": "" },
  { "mask": "+672-1__-___", "cc": "AQ", "name_en": "Australian bases in Antarctica", "desc_en": "", "name_ru": "Австралийская антарктическая база", "desc_ru": "" },
  { "mask": "+54(___)___-____", "cc": "AR", "name_en": "Argentina", "desc_en": "", "name_ru": "Аргентина", "desc_ru": "" },
  { "mask": "+1(684)___-____", "cc": "AS", "name_en": "American Samoa", "desc_en": "", "name_ru": "Американское Самоа", "desc_ru": "" },
  { "mask": "+43(___)___-____", "cc": "AT", "name_en": "Austria", "desc_en": "", "name_ru": "Австрия", "desc_ru": "" },
  { "mask": "+61-_-____-____", "cc": "AU", "name_en": "Australia", "desc_en": "", "name_ru": "Австралия", "desc_ru": "" },
  { "mask": "+297-___-____", "cc": "AW", "name_en": "Aruba", "desc_en": "", "name_ru": "Аруба", "desc_ru": "" },
  { "mask": "+387-__-_____", "cc": "BA", "name_en": "Bosnia and Herzegovina", "desc_en": "", "name_ru": "Босния и Герцеговина", "desc_ru": "" },
  { "mask": "+387-__-____", "cc": "BA", "name_en": "Bosnia and Herzegovina", "desc_en": "", "name_ru": "Босния и Герцеговина", "desc_ru": "" },
  { "mask": "+1(246)___-____", "cc": "BB", "name_en": "Barbados", "desc_en": "", "name_ru": "Барбадос", "desc_ru": "" },
  { "mask": "+880-__-___-___", "cc": "BD", "name_en": "Bangladesh", "desc_en": "", "name_ru": "Бангладеш", "desc_ru": "" },
  { "mask": "+32(___)___-___", "cc": "BE", "name_en": "Belgium", "desc_en": "", "name_ru": "Бельгия", "desc_ru": "" },
  { "mask": "+226-__-__-____", "cc": "BF", "name_en": "Burkina Faso", "desc_en": "", "name_ru": "Буркина Фасо", "desc_ru": "" },
  { "mask": "+359(___)___-___", "cc": "BG", "name_en": "Bulgaria", "desc_en": "", "name_ru": "Болгария", "desc_ru": "" },
  { "mask": "+973-____-____", "cc": "BH", "name_en": "Bahrain", "desc_en": "", "name_ru": "Бахрейн", "desc_ru": "" },
  { "mask": "+257-__-__-____", "cc": "BI", "name_en": "Burundi", "desc_en": "", "name_ru": "Бурунди", "desc_ru": "" },
  { "mask": "+229-__-__-____", "cc": "BJ", "name_en": "Benin", "desc_en": "", "name_ru": "Бенин", "desc_ru": "" },
  { "mask": "+1(441)___-____", "cc": "BM", "name_en": "Bermuda", "desc_en": "", "name_ru": "Бермудские острова", "desc_ru": "" },
  { "mask": "+673-___-____", "cc": "BN", "name_en": "Brunei Darussalam", "desc_en": "", "name_ru": "Бруней-Даруссалам", "desc_ru": "" },
  { "mask": "+591-_-___-____", "cc": "BO", "name_en": "Bolivia", "desc_en": "", "name_ru": "Боливия", "desc_ru": "" },
  { "mask": "+55-__-____-____", "cc": "BR", "name_en": "Brazil", "desc_en": "", "name_ru": "Бразилия", "desc_ru": "" },
  { "mask": "+1(242)___-____", "cc": "BS", "name_en": "Bahamas", "desc_en": "", "name_ru": "Багамские Острова", "desc_ru": "" },
  { "mask": "+975-17-___-___", "cc": "BT", "name_en": "Bhutan", "desc_en": "", "name_ru": "Бутан", "desc_ru": "" },
  { "mask": "+975-_-___-___", "cc": "BT", "name_en": "Bhutan", "desc_en": "", "name_ru": "Бутан", "desc_ru": "" },
  { "mask": "+267-__-___-___", "cc": "BW", "name_en": "Botswana", "desc_en": "", "name_ru": "Ботсвана", "desc_ru": "" },
  { "mask": "+375(__)___-__-__", "cc": "BY", "name_en": "Belarus", "desc_en": "", "name_ru": "Беларусь (Белоруссия)", "desc_ru": "" },
  { "mask": "+501-___-____", "cc": "BZ", "name_en": "Belize", "desc_en": "", "name_ru": "Белиз", "desc_ru": "" },
  { "mask": "+243(___)___-___", "cc": "CD", "name_en": "Dem. Rep. Congo", "desc_en": "", "name_ru": "Дем. Респ. Конго (Киншаса)", "desc_ru": "" },
  { "mask": "+236-__-__-____", "cc": "CF", "name_en": "Central African Republic", "desc_en": "", "name_ru": "Центральноафриканская Республика", "desc_ru": "" },
  { "mask": "+242-__-___-____", "cc": "CG", "name_en": "Congo (Brazzaville)", "desc_en": "", "name_ru": "Конго (Браззавиль)", "desc_ru": "" },
  { "mask": "+41-__-___-____", "cc": "CH", "name_en": "Switzerland", "desc_en": "", "name_ru": "Швейцария", "desc_ru": "" },
  { "mask": "+225-__-___-___", "cc": "CI", "name_en": "Cote d’Ivoire (Ivory Coast)", "desc_en": "", "name_ru": "Кот-д’Ивуар", "desc_ru": "" },
  { "mask": "+682-__-___", "cc": "CK", "name_en": "Cook Islands", "desc_en": "", "name_ru": "Острова Кука", "desc_ru": "" },
  { "mask": "+56-_-____-____", "cc": "CL", "name_en": "Chile", "desc_en": "", "name_ru": "Чили", "desc_ru": "" },
  { "mask": "+237-____-____", "cc": "CM", "name_en": "Cameroon", "desc_en": "", "name_ru": "Камерун", "desc_ru": "" },
  { "mask": "+86(___)____-____", "cc": "CN", "name_en": "China (PRC)", "desc_en": "", "name_ru": "Китайская Н.Р.", "desc_ru": "" },
  { "mask": "+86(___)____-___", "cc": "CN", "name_en": "China (PRC)", "desc_en": "", "name_ru": "Китайская Н.Р.", "desc_ru": "" },
  { "mask": "+86-__-_____-_____", "cc": "CN", "name_en": "China (PRC)", "desc_en": "", "name_ru": "Китайская Н.Р.", "desc_ru": "" },
  { "mask": "+57(___)___-____", "cc": "CO", "name_en": "Colombia", "desc_en": "", "name_ru": "Колумбия", "desc_ru": "" },
  { "mask": "+506-____-____", "cc": "CR", "name_en": "Costa Rica", "desc_en": "", "name_ru": "Коста-Рика", "desc_ru": "" },
  { "mask": "+53-_-___-____", "cc": "CU", "name_en": "Cuba", "desc_en": "", "name_ru": "Куба", "desc_ru": "" },
  { "mask": "+238(___)__-__", "cc": "CV", "name_en": "Cape Verde", "desc_en": "", "name_ru": "Кабо-Верде", "desc_ru": "" },
  { "mask": "+599-___-____", "cc": "CW", "name_en": "Curacao", "desc_en": "", "name_ru": "Кюрасао", "desc_ru": "" },
  { "mask": "+357-__-___-___", "cc": "CY", "name_en": "Cyprus", "desc_en": "", "name_ru": "Кипр", "desc_ru": "" },
  { "mask": "+420(___)___-___", "cc": "CZ", "name_en": "Czech Republic", "desc_en": "", "name_ru": "Чехия", "desc_ru": "" },
  { "mask": "+49(____)___-____", "cc": "DE", "name_en": "Germany", "desc_en": "", "name_ru": "Германия", "desc_ru": "" },
  { "mask": "+49(___)___-____", "cc": "DE", "name_en": "Germany", "desc_en": "", "name_ru": "Германия", "desc_ru": "" },
  { "mask": "+49(___)__-____", "cc": "DE", "name_en": "Germany", "desc_en": "", "name_ru": "Германия", "desc_ru": "" },
  { "mask": "+49(___)__-___", "cc": "DE", "name_en": "Germany", "desc_en": "", "name_ru": "Германия", "desc_ru": "" },
  { "mask": "+49(___)__-__", "cc": "DE", "name_en": "Germany", "desc_en": "", "name_ru": "Германия", "desc_ru": "" },
  { "mask": "+49-___-___", "cc": "DE", "name_en": "Germany", "desc_en": "", "name_ru": "Германия", "desc_ru": "" },
  { "mask": "+253-__-__-__-__", "cc": "DJ", "name_en": "Djibouti", "desc_en": "", "name_ru": "Джибути", "desc_ru": "" },
  { "mask": "+45-__-__-__-__", "cc": "DK", "name_en": "Denmark", "desc_en": "", "name_ru": "Дания", "desc_ru": "" },
  { "mask": "+1(767)___-____", "cc": "DM", "name_en": "Dominica", "desc_en": "", "name_ru": "Доминика", "desc_ru": "" },
  { "mask": "+1(809)___-____", "cc": "DO", "name_en": "Dominican Republic", "desc_en": "", "name_ru": "Доминиканская Республика", "desc_ru": "" },
  { "mask": "+1(829)___-____", "cc": "DO", "name_en": "Dominican Republic", "desc_en": "", "name_ru": "Доминиканская Республика", "desc_ru": "" },
  { "mask": "+1(849)___-____", "cc": "DO", "name_en": "Dominican Republic", "desc_en": "", "name_ru": "Доминиканская Республика", "desc_ru": "" },
  { "mask": "+213-__-___-____", "cc": "DZ", "name_en": "Algeria", "desc_en": "", "name_ru": "Алжир", "desc_ru": "" },
  { "mask": "+593-__-___-____", "cc": "EC", "name_en": "Ecuador ", "desc_en": "mobile", "name_ru": "Эквадор ", "desc_ru": "мобильные" },
  { "mask": "+593-_-___-____", "cc": "EC", "name_en": "Ecuador", "desc_en": "", "name_ru": "Эквадор", "desc_ru": "" },
  { "mask": "+372-____-____", "cc": "EE", "name_en": "Estonia ", "desc_en": "mobile", "name_ru": "Эстония ", "desc_ru": "мобильные" },
  { "mask": "+372-___-____", "cc": "EE", "name_en": "Estonia", "desc_en": "", "name_ru": "Эстония", "desc_ru": "" },
  { "mask": "+20(___)___-____", "cc": "EG", "name_en": "Egypt", "desc_en": "", "name_ru": "Египет", "desc_ru": "" },
  { "mask": "+291-_-___-___", "cc": "ER", "name_en": "Eritrea", "desc_en": "", "name_ru": "Эритрея", "desc_ru": "" },
  { "mask": "+34(___)___-___", "cc": "ES", "name_en": "Spain", "desc_en": "", "name_ru": "Испания", "desc_ru": "" },
  { "mask": "+251-__-___-____", "cc": "ET", "name_en": "Ethiopia", "desc_en": "", "name_ru": "Эфиопия", "desc_ru": "" },
  { "mask": "+358(__)___-__-__", "cc": "FI", "name_en": "Finland", "desc_en": "", "name_ru": "Финляндия", "desc_ru": "" },
  { "mask": "+679-__-_____", "cc": "FJ", "name_en": "Fiji", "desc_en": "", "name_ru": "Фиджи", "desc_ru": "" },
  { "mask": "+500-_____", "cc": "FK", "name_en": "Falkland Islands", "desc_en": "", "name_ru": "Фолклендские острова", "desc_ru": "" },
  { "mask": "+691-___-____", "cc": "FM", "name_en": "F.S. Micronesia", "desc_en": "", "name_ru": "Ф.Ш. Микронезии", "desc_ru": "" },
  { "mask": "+298-___-___", "cc": "FO", "name_en": "Faroe Islands", "desc_en": "", "name_ru": "Фарерские острова", "desc_ru": "" },
  { "mask": "+262-_____-____", "cc": "FR", "name_en": "Mayotte", "desc_en": "", "name_ru": "Майотта", "desc_ru": "" },
  { "mask": "+33(___)___-___", "cc": "FR", "name_en": "France", "desc_en": "", "name_ru": "Франция", "desc_ru": "" },
  { "mask": "+508-__-____", "cc": "FR", "name_en": "St Pierre & Miquelon", "desc_en": "", "name_ru": "Сен-Пьер и Микелон", "desc_ru": "" },
  { "mask": "+590(___)___-___", "cc": "FR", "name_en": "Guadeloupe", "desc_en": "", "name_ru": "Гваделупа", "desc_ru": "" },
  { "mask": "+241-_-__-__-__", "cc": "GA", "name_en": "Gabon", "desc_en": "", "name_ru": "Габон", "desc_ru": "" },
  { "mask": "+1(473)___-____", "cc": "GD", "name_en": "Grenada", "desc_en": "", "name_ru": "Гренада", "desc_ru": "" },
  { "mask": "+995(___)___-___", "cc": "GE", "name_en": "Rep. of Georgia", "desc_en": "", "name_ru": "Грузия", "desc_ru": "" },
  { "mask": "+594-_____-____", "cc": "GF", "name_en": "Guiana (French)", "desc_en": "", "name_ru": "Фр. Гвиана", "desc_ru": "" },
  { "mask": "+233(___)___-___", "cc": "GH", "name_en": "Ghana", "desc_en": "", "name_ru": "Гана", "desc_ru": "" },
  { "mask": "+350-___-_____", "cc": "GI", "name_en": "Gibraltar", "desc_en": "", "name_ru": "Гибралтар", "desc_ru": "" },
  { "mask": "+299-__-__-__", "cc": "GL", "name_en": "Greenland", "desc_en": "", "name_ru": "Гренландия", "desc_ru": "" },
  { "mask": "+220(___)__-__", "cc": "GM", "name_en": "Gambia", "desc_en": "", "name_ru": "Гамбия", "desc_ru": "" },
  { "mask": "+224-__-___-___", "cc": "GN", "name_en": "Guinea", "desc_en": "", "name_ru": "Гвинея", "desc_ru": "" },
  { "mask": "+240-__-___-____", "cc": "GQ", "name_en": "Equatorial Guinea", "desc_en": "", "name_ru": "Экваториальная Гвинея", "desc_ru": "" },
  { "mask": "+30(___)___-____", "cc": "GR", "name_en": "Greece", "desc_en": "", "name_ru": "Греция", "desc_ru": "" },
  { "mask": "+502-_-___-____", "cc": "GT", "name_en": "Guatemala", "desc_en": "", "name_ru": "Гватемала", "desc_ru": "" },
  { "mask": "+1(671)___-____", "cc": "GU", "name_en": "Guam", "desc_en": "", "name_ru": "Гуам", "desc_ru": "" },
  { "mask": "+245-_-______", "cc": "GW", "name_en": "Guinea-Bissau", "desc_en": "", "name_ru": "Гвинея-Бисау", "desc_ru": "" },
  { "mask": "+592-___-____", "cc": "GY", "name_en": "Guyana", "desc_en": "", "name_ru": "Гайана", "desc_ru": "" },
  { "mask": "+852-____-____", "cc": "HK", "name_en": "Hong Kong", "desc_en": "", "name_ru": "Гонконг", "desc_ru": "" },
  { "mask": "+504-____-____", "cc": "HN", "name_en": "Honduras", "desc_en": "", "name_ru": "Гондурас", "desc_ru": "" },
  { "mask": "+385-__-___-___", "cc": "HR", "name_en": "Croatia", "desc_en": "", "name_ru": "Хорватия", "desc_ru": "" },
  { "mask": "+509-__-__-____", "cc": "HT", "name_en": "Haiti", "desc_en": "", "name_ru": "Гаити", "desc_ru": "" },
  { "mask": "+36(___)___-___", "cc": "HU", "name_en": "Hungary", "desc_en": "", "name_ru": "Венгрия", "desc_ru": "" },
  { "mask": "+62(8__)___-____", "cc": "ID", "name_en": "Indonesia ", "desc_en": "mobile", "name_ru": "Индонезия ", "desc_ru": "мобильные" },
  { "mask": "+62-__-___-__", "cc": "ID", "name_en": "Indonesia", "desc_en": "", "name_ru": "Индонезия", "desc_ru": "" },
  { "mask": "+62-__-___-___", "cc": "ID", "name_en": "Indonesia", "desc_en": "", "name_ru": "Индонезия", "desc_ru": "" },
  { "mask": "+62-__-___-____", "cc": "ID", "name_en": "Indonesia", "desc_en": "", "name_ru": "Индонезия", "desc_ru": "" },
  { "mask": "+62(8__)___-___", "cc": "ID", "name_en": "Indonesia ", "desc_en": "mobile", "name_ru": "Индонезия ", "desc_ru": "мобильные" },
  { "mask": "+62(8__)___-__-___", "cc": "ID", "name_en": "Indonesia ", "desc_en": "mobile", "name_ru": "Индонезия ", "desc_ru": "мобильные" },
  { "mask": "+353(___)___-___", "cc": "IE", "name_en": "Ireland", "desc_en": "", "name_ru": "Ирландия", "desc_ru": "" },
  { "mask": "+972-5_-___-____", "cc": "IL", "name_en": "Israel ", "desc_en": "mobile", "name_ru": "Израиль ", "desc_ru": "мобильные" },
  { "mask": "+972-_-___-____", "cc": "IL", "name_en": "Israel", "desc_en": "", "name_ru": "Израиль", "desc_ru": "" },
  { "mask": "+91(____)___-___", "cc": "IN", "name_en": "India", "desc_en": "", "name_ru": "Индия", "desc_ru": "" },
  { "mask": "+246-___-____", "cc": "IO", "name_en": "Diego Garcia", "desc_en": "", "name_ru": "Диего-Гарсия", "desc_ru": "" },
  { "mask": "+964(___)___-____", "cc": "IQ", "name_en": "Iraq", "desc_en": "", "name_ru": "Ирак", "desc_ru": "" },
  { "mask": "+98(___)___-____", "cc": "IR", "name_en": "Iran", "desc_en": "", "name_ru": "Иран", "desc_ru": "" },
  { "mask": "+354-___-____", "cc": "IS", "name_en": "Iceland", "desc_en": "", "name_ru": "Исландия", "desc_ru": "" },
  { "mask": "+39(___)____-___", "cc": "IT", "name_en": "Italy", "desc_en": "", "name_ru": "Италия", "desc_ru": "" },
  { "mask": "+1(876)___-____", "cc": "JM", "name_en": "Jamaica", "desc_en": "", "name_ru": "Ямайка", "desc_ru": "" },
  { "mask": "+962-_-____-____", "cc": "JO", "name_en": "Jordan", "desc_en": "", "name_ru": "Иордания", "desc_ru": "" },
  { "mask": "+81-__-____-____", "cc": "JP", "name_en": "Japan ", "desc_en": "mobile", "name_ru": "Япония ", "desc_ru": "мобильные" },
  { "mask": "+81(___)___-___", "cc": "JP", "name_en": "Japan", "desc_en": "", "name_ru": "Япония", "desc_ru": "" },
  { "mask": "+254-___-______", "cc": "KE", "name_en": "Kenya", "desc_en": "", "name_ru": "Кения", "desc_ru": "" },
  { "mask": "+996(___)___-___", "cc": "KG", "name_en": "Kyrgyzstan", "desc_en": "", "name_ru": "Киргизия", "desc_ru": "" },
  { "mask": "+855-__-___-___", "cc": "KH", "name_en": "Cambodia", "desc_en": "", "name_ru": "Камбоджа", "desc_ru": "" },
  { "mask": "+686-__-___", "cc": "KI", "name_en": "Kiribati", "desc_en": "", "name_ru": "Кирибати", "desc_ru": "" },
  { "mask": "+269-__-_____", "cc": "KM", "name_en": "Comoros", "desc_en": "", "name_ru": "Коморы", "desc_ru": "" },
  { "mask": "+1(869)___-____", "cc": "KN", "name_en": "Saint Kitts & Nevis", "desc_en": "", "name_ru": "Сент-Китс и Невис", "desc_ru": "" },
  { "mask": "+850-191-___-____", "cc": "KP", "name_en": "DPR Korea (North) ", "desc_en": "mobile", "name_ru": "Корейская НДР ", "desc_ru": "мобильные" },
  { "mask": "+850-__-___-___", "cc": "KP", "name_en": "DPR Korea (North)", "desc_en": "", "name_ru": "Корейская НДР", "desc_ru": "" },
  { "mask": "+850-___-____-___", "cc": "KP", "name_en": "DPR Korea (North)", "desc_en": "", "name_ru": "Корейская НДР", "desc_ru": "" },
  { "mask": "+850-___-___", "cc": "KP", "name_en": "DPR Korea (North)", "desc_en": "", "name_ru": "Корейская НДР", "desc_ru": "" },
  { "mask": "+850-____-____", "cc": "KP", "name_en": "DPR Korea (North)", "desc_en": "", "name_ru": "Корейская НДР", "desc_ru": "" },
  { "mask": "+850-____-_____________", "cc": "KP", "name_en": "DPR Korea (North)", "desc_en": "", "name_ru": "Корейская НДР", "desc_ru": "" },
  { "mask": "+82-__-___-____", "cc": "KR", "name_en": "Korea (South)", "desc_en": "", "name_ru": "Респ. Корея", "desc_ru": "" },
  { "mask": "+965-____-____", "cc": "KW", "name_en": "Kuwait", "desc_en": "", "name_ru": "Кувейт", "desc_ru": "" },
  { "mask": "+1(345)___-____", "cc": "KY", "name_en": "Cayman Islands", "desc_en": "", "name_ru": "Каймановы острова", "desc_ru": "" },
  { "mask": "+7(___)___-__-__", "cc": "KZ", "name_en": "Kazakhstan", "desc_en": "", "name_ru": "Казахстан", "desc_ru": "" },
  { "mask": "+7(___)___-__-__", "cc": "KZ", "name_en": "Kazakhstan", "desc_en": "", "name_ru": "Казахстан", "desc_ru": "" },
  { "mask": "+856(20__)___-___", "cc": "LA", "name_en": "Laos ", "desc_en": "mobile", "name_ru": "Лаос ", "desc_ru": "мобильные" },
  { "mask": "+856-__-___-___", "cc": "LA", "name_en": "Laos", "desc_en": "", "name_ru": "Лаос", "desc_ru": "" },
  { "mask": "+961-__-___-___", "cc": "LB", "name_en": "Lebanon ", "desc_en": "mobile", "name_ru": "Ливан ", "desc_ru": "мобильные" },
  { "mask": "+961-_-___-___", "cc": "LB", "name_en": "Lebanon", "desc_en": "", "name_ru": "Ливан", "desc_ru": "" },
  { "mask": "+1(758)___-____", "cc": "LC", "name_en": "Saint Lucia", "desc_en": "", "name_ru": "Сент-Люсия", "desc_ru": "" },
  { "mask": "+423(___)___-____", "cc": "LI", "name_en": "Liechtenstein", "desc_en": "", "name_ru": "Лихтенштейн", "desc_ru": "" },
  { "mask": "+94-__-___-____", "cc": "LK", "name_en": "Sri Lanka", "desc_en": "", "name_ru": "Шри-Ланка", "desc_ru": "" },
  { "mask": "+231-__-___-___", "cc": "LR", "name_en": "Liberia", "desc_en": "", "name_ru": "Либерия", "desc_ru": "" },
  { "mask": "+266-_-___-____", "cc": "LS", "name_en": "Lesotho", "desc_en": "", "name_ru": "Лесото", "desc_ru": "" },
  { "mask": "+370(___)__-___", "cc": "LT", "name_en": "Lithuania", "desc_en": "", "name_ru": "Литва", "desc_ru": "" },
  { "mask": "+352(___)___-___", "cc": "LU", "name_en": "Luxembourg", "desc_en": "", "name_ru": "Люксембург", "desc_ru": "" },
  { "mask": "+371-__-___-___", "cc": "LV", "name_en": "Latvia", "desc_en": "", "name_ru": "Латвия", "desc_ru": "" },
  { "mask": "+218-__-___-___", "cc": "LY", "name_en": "Libya", "desc_en": "", "name_ru": "Ливия", "desc_ru": "" },
  { "mask": "+218-21-___-____", "cc": "LY", "name_en": "Libya", "desc_en": "Tripoli", "name_ru": "Ливия", "desc_ru": "Триполи" },
  { "mask": "+212-__-____-___", "cc": "MA", "name_en": "Morocco", "desc_en": "", "name_ru": "Марокко", "desc_ru": "" },
  { "mask": "+377(___)___-___", "cc": "MC", "name_en": "Monaco", "desc_en": "", "name_ru": "Монако", "desc_ru": "" },
  { "mask": "+377-__-___-___", "cc": "MC", "name_en": "Monaco", "desc_en": "", "name_ru": "Монако", "desc_ru": "" },
  { "mask": "+373-____-____", "cc": "MD", "name_en": "Moldova", "desc_en": "", "name_ru": "Молдова", "desc_ru": "" },
  { "mask": "+382-__-___-___", "cc": "ME", "name_en": "Montenegro", "desc_en": "", "name_ru": "Черногория", "desc_ru": "" },
  { "mask": "+261-__-__-_____", "cc": "MG", "name_en": "Madagascar", "desc_en": "", "name_ru": "Мадагаскар", "desc_ru": "" },
  { "mask": "+692-___-____", "cc": "MH", "name_en": "Marshall Islands", "desc_en": "", "name_ru": "Маршалловы Острова", "desc_ru": "" },
  { "mask": "+389-__-___-___", "cc": "MK", "name_en": "Republic of Macedonia", "desc_en": "", "name_ru": "Респ. Македония", "desc_ru": "" },
  { "mask": "+223-__-__-____", "cc": "ML", "name_en": "Mali", "desc_en": "", "name_ru": "Мали", "desc_ru": "" },
  { "mask": "+95-__-___-___", "cc": "MM", "name_en": "Burma (Myanmar)", "desc_en": "", "name_ru": "Бирма (Мьянма)", "desc_ru": "" },
  { "mask": "+95-_-___-___", "cc": "MM", "name_en": "Burma (Myanmar)", "desc_en": "", "name_ru": "Бирма (Мьянма)", "desc_ru": "" },
  { "mask": "+95-___-___", "cc": "MM", "name_en": "Burma (Myanmar)", "desc_en": "", "name_ru": "Бирма (Мьянма)", "desc_ru": "" },
  { "mask": "+976-__-__-____", "cc": "MN", "name_en": "Mongolia", "desc_en": "", "name_ru": "Монголия", "desc_ru": "" },
  { "mask": "+853-____-____", "cc": "MO", "name_en": "Macau", "desc_en": "", "name_ru": "Макао", "desc_ru": "" },
  { "mask": "+1(670)___-____", "cc": "MP", "name_en": "Northern Mariana Islands", "desc_en": "", "name_ru": "Северные Марианские острова Сайпан", "desc_ru": "" },
  { "mask": "+596(___)__-__-__", "cc": "MQ", "name_en": "Martinique", "desc_en": "", "name_ru": "Мартиника", "desc_ru": "" },
  { "mask": "+222-__-__-____", "cc": "MR", "name_en": "Mauritania", "desc_en": "", "name_ru": "Мавритания", "desc_ru": "" },
  { "mask": "+1(664)___-____", "cc": "MS", "name_en": "Montserrat", "desc_en": "", "name_ru": "Монтсеррат", "desc_ru": "" },
  { "mask": "+356-____-____", "cc": "MT", "name_en": "Malta", "desc_en": "", "name_ru": "Мальта", "desc_ru": "" },
  { "mask": "+230-___-____", "cc": "MU", "name_en": "Mauritius", "desc_en": "", "name_ru": "Маврикий", "desc_ru": "" },
  { "mask": "+960-___-____", "cc": "MV", "name_en": "Maldives", "desc_en": "", "name_ru": "Мальдивские острова", "desc_ru": "" },
  { "mask": "+265-1-___-___", "cc": "MW", "name_en": "Malawi", "desc_en": "Telecom Ltd", "name_ru": "Малави", "desc_ru": "Telecom Ltd" },
  { "mask": "+265-_-____-____", "cc": "MW", "name_en": "Malawi", "desc_en": "", "name_ru": "Малави", "desc_ru": "" },
  { "mask": "+52(___)___-____", "cc": "MX", "name_en": "Mexico", "desc_en": "", "name_ru": "Мексика", "desc_ru": "" },
  { "mask": "+52-__-__-____", "cc": "MX", "name_en": "Mexico", "desc_en": "", "name_ru": "Мексика", "desc_ru": "" },
  { "mask": "+60-__-___-____", "cc": "MY", "name_en": "Malaysia ", "desc_en": "mobile", "name_ru": "Малайзия ", "desc_ru": "мобильные" },
  { "mask": "+60(___)___-___", "cc": "MY", "name_en": "Malaysia", "desc_en": "", "name_ru": "Малайзия", "desc_ru": "" },
  { "mask": "+60-__-___-___", "cc": "MY", "name_en": "Malaysia", "desc_en": "", "name_ru": "Малайзия", "desc_ru": "" },
  { "mask": "+60-_-___-___", "cc": "MY", "name_en": "Malaysia", "desc_en": "", "name_ru": "Малайзия", "desc_ru": "" },
  { "mask": "+258-__-___-___", "cc": "MZ", "name_en": "Mozambique", "desc_en": "", "name_ru": "Мозамбик", "desc_ru": "" },
  { "mask": "+264-__-___-____", "cc": "NA", "name_en": "Namibia", "desc_en": "", "name_ru": "Намибия", "desc_ru": "" },
  { "mask": "+687-__-____", "cc": "NC", "name_en": "New Caledonia", "desc_en": "", "name_ru": "Новая Каледония", "desc_ru": "" },
  { "mask": "+227-__-__-____", "cc": "NE", "name_en": "Niger", "desc_en": "", "name_ru": "Нигер", "desc_ru": "" },
  { "mask": "+672-3__-___", "cc": "NF", "name_en": "Norfolk Island", "desc_en": "", "name_ru": "Норфолк (остров)", "desc_ru": "" },
  { "mask": "+234(___)___-____", "cc": "NG", "name_en": "Nigeria", "desc_en": "", "name_ru": "Нигерия", "desc_ru": "" },
  { "mask": "+234-__-___-___", "cc": "NG", "name_en": "Nigeria", "desc_en": "", "name_ru": "Нигерия", "desc_ru": "" },
  { "mask": "+234-__-___-__", "cc": "NG", "name_en": "Nigeria", "desc_en": "", "name_ru": "Нигерия", "desc_ru": "" },
  { "mask": "+234(___)___-____", "cc": "NG", "name_en": "Nigeria ", "desc_en": "mobile", "name_ru": "Нигерия ", "desc_ru": "мобильные" },
  { "mask": "+505-____-____", "cc": "NI", "name_en": "Nicaragua", "desc_en": "", "name_ru": "Никарагуа", "desc_ru": "" },
  { "mask": "+31-__-___-____", "cc": "NL", "name_en": "Netherlands", "desc_en": "", "name_ru": "Нидерланды", "desc_ru": "" },
  { "mask": "+47(___)__-___", "cc": "NO", "name_en": "Norway", "desc_en": "", "name_ru": "Норвегия", "desc_ru": "" },
  { "mask": "+977-__-___-___", "cc": "NP", "name_en": "Nepal", "desc_en": "", "name_ru": "Непал", "desc_ru": "" },
  { "mask": "+674-___-____", "cc": "NR", "name_en": "Nauru", "desc_en": "", "name_ru": "Науру", "desc_ru": "" },
  { "mask": "+683-____", "cc": "NU", "name_en": "Niue", "desc_en": "", "name_ru": "Ниуэ", "desc_ru": "" },
  { "mask": "+64(___)___-___", "cc": "NZ", "name_en": "New Zealand", "desc_en": "", "name_ru": "Новая Зеландия", "desc_ru": "" },
  { "mask": "+64-__-___-___", "cc": "NZ", "name_en": "New Zealand", "desc_en": "", "name_ru": "Новая Зеландия", "desc_ru": "" },
  { "mask": "+64(___)___-____", "cc": "NZ", "name_en": "New Zealand", "desc_en": "", "name_ru": "Новая Зеландия", "desc_ru": "" },
  { "mask": "+968-__-___-___", "cc": "OM", "name_en": "Oman", "desc_en": "", "name_ru": "Оман", "desc_ru": "" },
  { "mask": "+507-___-____", "cc": "PA", "name_en": "Panama", "desc_en": "", "name_ru": "Панама", "desc_ru": "" },
  { "mask": "+51(___)___-___", "cc": "PE", "name_en": "Peru", "desc_en": "", "name_ru": "Перу", "desc_ru": "" },
  { "mask": "+689-__-__-__", "cc": "PF", "name_en": "French Polynesia", "desc_en": "", "name_ru": "Французская Полинезия (Таити)", "desc_ru": "" },
  { "mask": "+675(___)__-___", "cc": "PG", "name_en": "Papua New Guinea", "desc_en": "", "name_ru": "Папуа-Новая Гвинея", "desc_ru": "" },
  { "mask": "+63(___)___-____", "cc": "PH", "name_en": "Philippines", "desc_en": "", "name_ru": "Филиппины", "desc_ru": "" },
  { "mask": "+92(___)___-____", "cc": "PK", "name_en": "Pakistan", "desc_en": "", "name_ru": "Пакистан", "desc_ru": "" },
  { "mask": "+48(___)___-___", "cc": "PL", "name_en": "Poland", "desc_en": "", "name_ru": "Польша", "desc_ru": "" },
  { "mask": "+970-__-___-____", "cc": "PS", "name_en": "Palestine", "desc_en": "", "name_ru": "Палестина", "desc_ru": "" },
  { "mask": "+351-__-___-____", "cc": "PT", "name_en": "Portugal", "desc_en": "", "name_ru": "Португалия", "desc_ru": "" },
  { "mask": "+680-___-____", "cc": "PW", "name_en": "Palau", "desc_en": "", "name_ru": "Палау", "desc_ru": "" },
  { "mask": "+595(___)___-___", "cc": "PY", "name_en": "Paraguay", "desc_en": "", "name_ru": "Парагвай", "desc_ru": "" },
  { "mask": "+974-____-____", "cc": "QA", "name_en": "Qatar", "desc_en": "", "name_ru": "Катар", "desc_ru": "" },
  { "mask": "+262-_____-____", "cc": "RE", "name_en": "Reunion", "desc_en": "", "name_ru": "Реюньон", "desc_ru": "" },
  { "mask": "+40-__-___-____", "cc": "RO", "name_en": "Romania", "desc_en": "", "name_ru": "Румыния", "desc_ru": "" },
  { "mask": "+381-__-___-____", "cc": "RS", "name_en": "Serbia", "desc_en": "", "name_ru": "Сербия", "desc_ru": "" },
  { "mask": "+250(___)___-___", "cc": "RW", "name_en": "Rwanda", "desc_en": "", "name_ru": "Руанда", "desc_ru": "" },
  { "mask": "+966-5-____-____", "cc": "SA", "name_en": "Saudi Arabia ", "desc_en": "mobile", "name_ru": "Саудовская Аравия ", "desc_ru": "мобильные" },
  { "mask": "+966-_-___-____", "cc": "SA", "name_en": "Saudi Arabia", "desc_en": "", "name_ru": "Саудовская Аравия", "desc_ru": "" },
  { "mask": "+677-___-____", "cc": "SB", "name_en": "Solomon Islands ", "desc_en": "mobile", "name_ru": "Соломоновы Острова ", "desc_ru": "мобильные" },
  { "mask": "+677-_____", "cc": "SB", "name_en": "Solomon Islands", "desc_en": "", "name_ru": "Соломоновы Острова", "desc_ru": "" },
  { "mask": "+248-_-___-___", "cc": "SC", "name_en": "Seychelles", "desc_en": "", "name_ru": "Сейшелы", "desc_ru": "" },
  { "mask": "+249-__-___-____", "cc": "SD", "name_en": "Sudan", "desc_en": "", "name_ru": "Судан", "desc_ru": "" },
  { "mask": "+46-__-___-____", "cc": "SE", "name_en": "Sweden", "desc_en": "", "name_ru": "Швеция", "desc_ru": "" },
  { "mask": "+65-____-____", "cc": "SG", "name_en": "Singapore", "desc_en": "", "name_ru": "Сингапур", "desc_ru": "" },
  { "mask": "+290-____", "cc": "SH", "name_en": "Saint Helena", "desc_en": "", "name_ru": "Остров Святой Елены", "desc_ru": "" },
  { "mask": "+290-____", "cc": "SH", "name_en": "Tristan da Cunha", "desc_en": "", "name_ru": "Тристан-да-Кунья", "desc_ru": "" },
  { "mask": "+386-__-___-___", "cc": "SI", "name_en": "Slovenia", "desc_en": "", "name_ru": "Словения", "desc_ru": "" },
  { "mask": "+421(___)___-___", "cc": "SK", "name_en": "Slovakia", "desc_en": "", "name_ru": "Словакия", "desc_ru": "" },
  { "mask": "+232-__-______", "cc": "SL", "name_en": "Sierra Leone", "desc_en": "", "name_ru": "Сьерра-Леоне", "desc_ru": "" },
  { "mask": "+378-____-______", "cc": "SM", "name_en": "San Marino", "desc_en": "", "name_ru": "Сан-Марино", "desc_ru": "" },
  { "mask": "+221-__-___-____", "cc": "SN", "name_en": "Senegal", "desc_en": "", "name_ru": "Сенегал", "desc_ru": "" },
  { "mask": "+252-__-___-___", "cc": "SO", "name_en": "Somalia", "desc_en": "", "name_ru": "Сомали", "desc_ru": "" },
  { "mask": "+252-_-___-___", "cc": "SO", "name_en": "Somalia", "desc_en": "", "name_ru": "Сомали", "desc_ru": "" },
  { "mask": "+252-_-___-___", "cc": "SO", "name_en": "Somalia ", "desc_en": "mobile", "name_ru": "Сомали ", "desc_ru": "мобильные" },
  { "mask": "+597-___-____", "cc": "SR", "name_en": "Suriname ", "desc_en": "mobile", "name_ru": "Суринам ", "desc_ru": "мобильные" },
  { "mask": "+597-___-___", "cc": "SR", "name_en": "Suriname", "desc_en": "", "name_ru": "Суринам", "desc_ru": "" },
  { "mask": "+211-__-___-____", "cc": "SS", "name_en": "South Sudan", "desc_en": "", "name_ru": "Южный Судан", "desc_ru": "" },
  { "mask": "+239-__-_____", "cc": "ST", "name_en": "Sao Tome and Principe", "desc_en": "", "name_ru": "Сан-Томе и Принсипи", "desc_ru": "" },
  { "mask": "+503-__-__-____", "cc": "SV", "name_en": "El Salvador", "desc_en": "", "name_ru": "Сальвадор", "desc_ru": "" },
  { "mask": "+1(721)___-____", "cc": "SX", "name_en": "Sint Maarten", "desc_en": "", "name_ru": "Синт-Маартен", "desc_ru": "" },
  { "mask": "+963-__-____-___", "cc": "SY", "name_en": "Syrian Arab Republic", "desc_en": "", "name_ru": "Сирийская арабская республика", "desc_ru": "" },
  { "mask": "+268-__-__-____", "cc": "SZ", "name_en": "Swaziland", "desc_en": "", "name_ru": "Свазиленд", "desc_ru": "" },
  { "mask": "+1(649)___-____", "cc": "TC", "name_en": "Turks & Caicos", "desc_en": "", "name_ru": "Тёркс и Кайкос", "desc_ru": "" },
  { "mask": "+235-__-__-__-__", "cc": "TD", "name_en": "Chad", "desc_en": "", "name_ru": "Чад", "desc_ru": "" },
  { "mask": "+228-__-___-___", "cc": "TG", "name_en": "Togo", "desc_en": "", "name_ru": "Того", "desc_ru": "" },
  { "mask": "+66-__-___-____", "cc": "TH", "name_en": "Thailand ", "desc_en": "mobile", "name_ru": "Таиланд ", "desc_ru": "мобильные" },
  { "mask": "+66-__-___-___", "cc": "TH", "name_en": "Thailand", "desc_en": "", "name_ru": "Таиланд", "desc_ru": "" },
  { "mask": "+992-__-___-____", "cc": "TJ", "name_en": "Tajikistan", "desc_en": "", "name_ru": "Таджикистан", "desc_ru": "" },
  { "mask": "+690-____", "cc": "TK", "name_en": "Tokelau", "desc_en": "", "name_ru": "Токелау", "desc_ru": "" },
  { "mask": "+670-___-____", "cc": "TL", "name_en": "East Timor", "desc_en": "", "name_ru": "Восточный Тимор", "desc_ru": "" },
  { "mask": "+670-77_-_____", "cc": "TL", "name_en": "East Timor", "desc_en": "Timor Telecom", "name_ru": "Восточный Тимор", "desc_ru": "Timor Telecom" },
  { "mask": "+670-78_-_____", "cc": "TL", "name_en": "East Timor", "desc_en": "Timor Telecom", "name_ru": "Восточный Тимор", "desc_ru": "Timor Telecom" },
  { "mask": "+993-_-___-____", "cc": "TM", "name_en": "Turkmenistan", "desc_en": "", "name_ru": "Туркменистан", "desc_ru": "" },
  { "mask": "+216-__-___-___", "cc": "TN", "name_en": "Tunisia", "desc_en": "", "name_ru": "Тунис", "desc_ru": "" },
  { "mask": "+676-_____", "cc": "TO", "name_en": "Tonga", "desc_en": "", "name_ru": "Тонга", "desc_ru": "" },
  { "mask": "+90(___)___-____", "cc": "TR", "name_en": "Turkey", "desc_en": "", "name_ru": "Турция", "desc_ru": "" },
  { "mask": "+1(868)___-____", "cc": "TT", "name_en": "Trinidad & Tobago", "desc_en": "", "name_ru": "Тринидад и Тобаго", "desc_ru": "" },
  { "mask": "+688-90____", "cc": "TV", "name_en": "Tuvalu ", "desc_en": "mobile", "name_ru": "Тувалу ", "desc_ru": "мобильные" },
  { "mask": "+688-2____", "cc": "TV", "name_en": "Tuvalu", "desc_en": "", "name_ru": "Тувалу", "desc_ru": "" },
  { "mask": "+886-_-____-____", "cc": "TW", "name_en": "Taiwan", "desc_en": "", "name_ru": "Тайвань", "desc_ru": "" },
  { "mask": "+886-____-____", "cc": "TW", "name_en": "Taiwan", "desc_en": "", "name_ru": "Тайвань", "desc_ru": "" },
  { "mask": "+255-__-___-____", "cc": "TZ", "name_en": "Tanzania", "desc_en": "", "name_ru": "Танзания", "desc_ru": "" },
  { "mask": "+380(__)___-__-__", "cc": "UA", "name_en": "Ukraine", "desc_en": "", "name_ru": "Украина", "desc_ru": "" },
  { "mask": "+256(___)___-___", "cc": "UG", "name_en": "Uganda", "desc_en": "", "name_ru": "Уганда", "desc_ru": "" },
  { "mask": "+44-__-____-____", "cc": "UK", "name_en": "United Kingdom", "desc_en": "", "name_ru": "Великобритания", "desc_ru": "" },
  { "mask": "+598-_-___-__-__", "cc": "UY", "name_en": "Uruguay", "desc_en": "", "name_ru": "Уругвай", "desc_ru": "" },
  { "mask": "+998-__-___-____", "cc": "UZ", "name_en": "Uzbekistan", "desc_en": "", "name_ru": "Узбекистан", "desc_ru": "" },
  { "mask": "+39-6-698-_____", "cc": "VA", "name_en": "Vatican City", "desc_en": "", "name_ru": "Ватикан", "desc_ru": "" },
  { "mask": "+1(784)___-____", "cc": "VC", "name_en": "Saint Vincent & the Grenadines", "desc_en": "", "name_ru": "Сент-Винсент и Гренадины", "desc_ru": "" },
  { "mask": "+58(___)___-____", "cc": "VE", "name_en": "Venezuela", "desc_en": "", "name_ru": "Венесуэла", "desc_ru": "" },
  { "mask": "+1(284)___-____", "cc": "VG", "name_en": "British Virgin Islands", "desc_en": "", "name_ru": "Британские Виргинские острова", "desc_ru": "" },
  { "mask": "+1(340)___-____", "cc": "VI", "name_en": "US Virgin Islands", "desc_en": "", "name_ru": "Американские Виргинские острова", "desc_ru": "" },
  { "mask": "+84-__-____-___", "cc": "VN", "name_en": "Vietnam", "desc_en": "", "name_ru": "Вьетнам", "desc_ru": "" },
  { "mask": "+84(___)____-___", "cc": "VN", "name_en": "Vietnam", "desc_en": "", "name_ru": "Вьетнам", "desc_ru": "" },
  { "mask": "+678-__-_____", "cc": "VU", "name_en": "Vanuatu ", "desc_en": "mobile", "name_ru": "Вануату ", "desc_ru": "мобильные" },
  { "mask": "+678-_____", "cc": "VU", "name_en": "Vanuatu", "desc_en": "", "name_ru": "Вануату", "desc_ru": "" },
  { "mask": "+681-__-____", "cc": "WF", "name_en": "Wallis and Futuna", "desc_en": "", "name_ru": "Уоллис и Футуна", "desc_ru": "" },
  { "mask": "+685-__-____", "cc": "WS", "name_en": "Samoa", "desc_en": "", "name_ru": "Самоа", "desc_ru": "" },
  { "mask": "+967-___-___-___", "cc": "YE", "name_en": "Yemen ", "desc_en": "mobile", "name_ru": "Йемен ", "desc_ru": "мобильные" },
  { "mask": "+967-_-___-___", "cc": "YE", "name_en": "Yemen", "desc_en": "", "name_ru": "Йемен", "desc_ru": "" },
  { "mask": "+967-__-___-___", "cc": "YE", "name_en": "Yemen", "desc_en": "", "name_ru": "Йемен", "desc_ru": "" },
  { "mask": "+27-__-___-____", "cc": "ZA", "name_en": "South Africa", "desc_en": "", "name_ru": "Южно-Африканская Респ.", "desc_ru": "" },
  { "mask": "+260-__-___-____", "cc": "ZM", "name_en": "Zambia", "desc_en": "", "name_ru": "Замбия", "desc_ru": "" },
  { "mask": "+263-_-______", "cc": "ZW", "name_en": "Zimbabwe", "desc_en": "", "name_ru": "Зимбабве", "desc_ru": "" },
  { "mask": "+1(___)___-____", "cc": ["US", "CA"], "name_en": "USA and Canada", "desc_en": "", "name_ru": "США и Канада", "desc_ru": "" }
]
