{
  "project_info": {
    "project_number": "1042866605155",
    "project_id": "gootax-client-demo"
  },
  "client": [
    {
      "client_info": {
        "mobilesdk_app_id": "1:1042866605155:android:efe20b70e7cb908e",
        "android_client_info": {
          "package_name": "com.gootax.client"
        }
      },
      "oauth_client": [
        {
          "client_id": "1042866605155-l54mkd9vi7it8l48o7qs29m1u4e36mhb.apps.googleusercontent.com",
          "client_type": 3
        }
      ],
      "api_key": [
        {
          "current_key": "AIzaSyAXmvvrtl8ngZANhWXhBD6RQ8g_ZpPFh8s"
        }
      ],
      "services": {
        "analytics_service": {
          "status": 1
        },
        "appinvite_service": {
          "status": 1,
          "other_platform_oauth_client": []
        },
        "ads_service": {
          "status": 1
        }
      }
    }
  ],
  "configuration_version": "1"
}